1,google.com
2,facebook.com
3,youtube.com
4,yahoo.com
5,baidu.com
6,wikipedia.org
7,qq.com
8,amazon.com
9,taobao.com
10,live.com
11,twitter.com
12,linkedin.com
13,sina.com.cn
14,blogspot.com
15,google.co.in
16,hao123.com
17,163.com
18,weibo.com
19,ebay.com
20,wordpress.com
21,yahoo.co.jp
22,yandex.ru
23,bing.com
24,vk.com
25,google.de
26,360.cn
27,tmall.com
28,sohu.com
29,tumblr.com
30,pinterest.com
31,google.co.uk
32,soso.com
33,google.fr
34,msn.com
35,ask.com
36,google.co.jp
37,mail.ru
38,paypal.com
39,microsoft.com
40,google.com.br
41,google.ru
42,instagram.com
43,apple.com
44,xvideos.com
45,google.it
46,ifeng.com
47,google.es
48,imdb.com
49,google.com.hk
50,craigslist.org
51,amazon.co.jp
52,blogger.com
53,xhamster.com
54,go.com
55,bbc.co.uk
56,google.com.mx
57,stackoverflow.com
58,neobux.com
59,adobe.com
60,alibaba.com
61,google.ca
62,fc2.com
63,imgur.com
64,googleusercontent.com
65,cnn.com
66,akamaihd.net
67,huffingtonpost.com
68,people.com.cn
69,xinhuanet.com
70,amazon.de
71,vube.com
72,alipay.com
73,wordpress.org
74,odnoklassniki.ru
75,conduit.com
76,flickr.com
77,reddit.com
78,gmw.cn
79,espn.go.com
80,t.co
81,google.com.tr
82,ebay.de
83,aliexpress.com
84,pornhub.com
85,blogspot.in
86,amazon.co.uk
87,google.com.au
88,about.com
89,youku.com
90,bp.blogspot.com
91,google.pl
92,rakuten.co.jp
93,adcash.com
94,ebay.co.uk
95,godaddy.com
96,dailymotion.com
97,ku6.com
98,netflix.com
99,thepiratebay.sx
100,cnet.com
101,dailymail.co.uk
102,vimeo.com
103,sogou.com
104,kickass.to
105,walmart.com
106,redtube.com
107,indiatimes.com
108,uol.com.br
109,youporn.com
110,xnxx.com
111,aol.com
112,google.com.ar
113,themeforest.net
114,google.com.sa
115,livejasmin.com
116,weather.com
117,dropbox.com
118,slideshare.net
119,adf.ly
120,amazonaws.com
121,pixnet.net
122,google.com.eg
123,directrev.com
124,nytimes.com
125,etsy.com
126,globo.com
127,mozilla.org
128,secureserver.net
129,google.nl
130,google.com.pk
131,wikimedia.org
132,google.com.tw
133,fiverr.com
134,deviantart.com
135,ameblo.jp
136,hootsuite.com
137,wikia.com
138,blogfa.com
139,outbrain.com
140,media.tumblr.com
141,livejournal.com
142,google.co.th
143,avg.com
144,yelp.com
145,livedoor.com
146,google.co.za
147,bestbuy.com
148,4shared.com
149,booking.com
150,badoo.com
151,mediafire.com
152,ask.fm
153,theguardian.com
154,buzzfeed.com
155,wikihow.com
156,torrentz.eu
157,w3schools.com
158,addthis.com
159,flipkart.com
160,google.co.ve
161,aweber.com
162,bankofamerica.com
163,stumbleupon.com
164,hostgator.com
165,sourceforge.net
166,liveinternet.ru
167,forbes.com
168,files.wordpress.com
169,foxnews.com
170,naver.com
171,softonic.com
172,chase.com
173,babylon.com
174,salesforce.com
175,china.com.cn
176,archive.org
177,soundcloud.com
178,skype.com
179,allegro.pl
180,ups.com
181,google.co.id
182,google.gr
183,target.com
184,google.com.co
185,statcounter.com
186,espncricinfo.com
187,tube8.com
188,google.com.vn
189,amazon.fr
190,indeed.com
191,spiegel.de
192,answers.com
193,github.com
194,mailchimp.com
195,google.be
196,reference.com
197,tianya.cn
198,google.com.ua
199,jd.com
200,warriorforum.com
201,so.com
202,bet365.com
203,mashable.com
204,onet.pl
205,nicovideo.jp
206,photobucket.com
207,google.com.ng
208,gamer.com.tw
209,wellsfargo.com
210,thefreedictionary.com
211,wordreference.com
212,google.se
213,taringa.net
214,bild.de
215,stackexchange.com
216,goo.ne.jp
217,google.ro
218,shutterstock.com
219,pandora.com
220,popads.net
221,gameforge.com
222,zedo.com
223,naver.jp
224,usps.com
225,telegraph.co.uk
226,tripadvisor.com
227,yesky.com
228,it168.com
229,leboncoin.fr
230,delta-search.com
231,weebly.com
232,fedex.com
233,google.at
234,gmx.net
235,google.dz
236,google.com.ph
237,nbcnews.com
238,google.cn
239,goodreads.com
240,nfl.com
241,samsung.com
242,cnzz.com
243,rambler.ru
244,ettoday.net
245,rediff.com
246,comcast.net
247,upworthy.com
248,php.net
249,google.com.pe
250,uploaded.net
251,wix.com
252,in.com
253,rutracker.org
254,ucoz.ru
255,ikea.com
256,clkmon.com
257,google.ch
258,amazon.cn
259,wsj.com
260,avito.ru
261,pcpop.com
262,sharelive.net
263,domaintools.com
264,kaskus.co.id
265,google.cl
266,zillow.com
267,usatoday.com
268,wp.pl
269,time.com
270,moz.com
271,dmm.co.jp
272,hp.com
273,m2newmedia.com
274,bleacherreport.com
275,loading-delivery1.com
276,huanqiu.com
277,mywebsearch.com
278,youdao.com
279,jobfindgold.info
280,businessinsider.com
281,google.com.sg
282,chinaz.com
283,hurriyet.com.tr
284,free.fr
285,goal.com
286,google.pt
287,google.co.kr
288,tmz.com
289,scribd.com
290,bitly.com
291,9gag.com
292,google.com.bd
293,constantcontact.com
294,web.de
295,qtrax.com
296,hulu.com
297,disqus.com
298,codecanyon.net
299,xing.com
300,ehow.com
301,olx.in
302,ndtv.com
303,libero.it
304,mercadolivre.com.br
305,americanexpress.com
306,varzesh3.com
307,washingtonpost.com
308,quikr.com
309,dell.com
310,mobile01.com
311,milliyet.com.tr
312,cj.com
313,retailmenot.com
314,hudong.com
315,orange.fr
316,detik.com
317,nba.com
318,qvo6.com
319,twitch.tv
320,chaturbate.com
321,hardsextube.com
322,google.cz
323,motherless.com
324,tagged.com
325,onclickads.net
326,newegg.com
327,beeg.com
328,ebay.it
329,nih.gov
330,ign.com
331,putlocker.com
332,groupon.com
333,kohls.com
334,macys.com
335,infusionsoft.com
336,youjizz.com
337,reuters.com
338,histats.com
339,extratorrent.cc
340,amazon.it
341,kooora.com
342,snapdeal.com
343,repubblica.it
344,clickbank.com
345,thefreecamsecret.com
346,cntv.cn
347,v1.cn
348,baomihua.com
349,snapdo.com
350,bluehost.com
351,gsmarena.com
352,feedly.com
353,xe.com
354,kakaku.com
355,bloomberg.com
356,ebay.com.au
357,australianbrewingcompany.com
358,pof.com
359,blogspot.it
360,siteadvisor.com
361,ero-advertising.com
362,webmd.com
363,xyxy.net
364,google.co.hu
365,hdfcbank.com
366,empowernetwork.com
367,doubleclick.com
368,doublepimp.com
369,google.no
370,jabong.com
371,tinyurl.com
372,google.ae
373,ebay.in
374,twoo.com
375,ig.com.br
376,zippyshare.com
377,yandex.ua
378,nydailynews.com
379,microsoftonline.com
380,google.az
381,blogspot.de
382,istockphoto.com
383,w3.org
384,imageshack.us
385,seznam.cz
386,cloudfront.net
387,elpais.com
388,google.ie
389,force.com
390,etao.com
391,bitauto.com
392,intoday.in
393,odesk.com
394,speedtest.net
395,marca.com
396,list-manage.com
397,daum.net
398,homedepot.com
399,4dsply.com
400,uimserv.net
401,rt.com
402,ck101.com
403,eazel.com
404,caijing.com.cn
405,123rf.com
406,accuweather.com
407,joomla.org
408,naukri.com
409,optmd.com
410,meetup.com
411,drudgereport.com
412,ameba.jp
413,coccoc.com
414,webcrawler.com
415,goo.gl
416,ad6media.fr
417,t-online.de
418,goodgamestudios.com
419,att.com
420,aili.com
421,capitalone.com
422,getresponse.com
423,elmundo.es
424,zendesk.com
425,enet.com.cn
426,surveymonkey.com
427,google.co.il
428,google.dk
429,habrahabr.ru
430,douban.com
431,gazeta.pl
432,lenovo.com
433,jimdo.com
434,java.com
435,sears.com
436,webmoney.ru
437,justdial.com
438,quora.com
439,doorblog.jp
440,myntra.com
441,google.com.my
442,webs.com
443,commentcamarche.net
444,chip.de
445,swagbucks.com
446,slickdeals.net
447,issuu.com
448,okcupid.com
449,icicibank.com
450,corriere.it
451,mercadolibre.com.ar
452,hypergames.net
453,google.fi
454,typepad.com
455,techcrunch.com
456,fbcdn.net
457,adultfriendfinder.com
458,informer.com
459,amazon.in
460,vnexpress.net
461,match.com
462,toysrus.com
463,blackhatworld.com
464,digg.com
465,eyny.com
466,shareasale.com
467,abcnews.go.com
468,gutefrage.net
469,exoclick.com
470,backpage.com
471,cbssports.com
472,abril.com.br
473,zing.vn
474,myfreecams.com
475,livescore.com
476,latimes.com
477,linkbucks.com
478,yaolan.com
479,steampowered.com
480,xda-developers.com
481,sahibinden.com
482,jrj.com.cn
483,rayli.com.cn
484,amazon.es
485,ebay.fr
486,elance.com
487,systweak.com
488,rapidgator.net
489,ning.com
490,viralnova.com
491,gap.com
492,clixsense.com
493,pch.com
494,iqiyi.com
495,fotolia.com
496,mercadolibre.com.mx
497,sberbank.ru
498,liveleak.com
499,irctc.co.in
500,lenta.ru
501,probux.com
502,foursquare.com
503,subscene.com
504,youm7.com
505,lefigaro.fr
506,pixiv.net
507,ce.cn
508,asos.com
509,hatena.ne.jp
510,terra.com.br
511,lemonde.fr
512,freelancer.com
513,lady8844.com
514,kickstarter.com
515,opensiteexplorer.org
516,2ch.net
517,iminent.com
518,searchengines.ru
519,zeobit.com
520,oracle.com
521,blogspot.ru
522,nordstrom.com
523,vitaminl.tv
524,altervista.org
525,linksynergy.com
526,battle.net
527,xgo.com.cn
528,zappos.com
529,thepiratebay.pe
530,bhaskar.com
531,lifehacker.com
532,drtuber.com
533,narod.ru
534,examiner.com
535,verizonwireless.com
536,hubpages.com
537,onlinesbi.com
538,overstock.com
539,babytree.com
540,rbc.ru
541,hubspot.com
542,google.sk
543,citrixonline.com
544,semrush.com
545,kijiji.ca
546,oneindia.in
547,appspot.com
548,mysearchresults.com
549,amazon.ca
550,who.is
551,bbc.com
552,gotomeeting.com
553,blogspot.jp
554,39.net
555,ya.ru
556,allrecipes.com
557,shaadi.com
558,taboola.com
559,seesaa.net
560,tabelog.com
561,taleo.net
562,kinopoisk.ru
563,twimg.com
564,ccb.com
565,wiktionary.org
566,tudou.com
567,coupons.com
568,citibank.com
569,engadget.com
570,sape.ru
571,foodnetwork.com
572,expedia.com
573,behance.net
574,bodybuilding.com
575,moneycontrol.com
576,tomshardware.com
577,timeanddate.com
578,mihanblog.com
579,likes.com
580,farsnews.com
581,virgilio.it
582,gc.ca
583,haber7.com
584,mp3skull.com
585,free-tv-video-online.me
586,ci123.com
587,gizmodo.com
588,cy-pr.com
589,eonline.com
590,xbox.com
591,bannersdontwork.com
592,2345.com
593,filehippo.com
594,pcgames.com.cn
595,facenama.com
596,tradedoubler.com
597,over-blog.com
598,cbslocal.com
599,tokobagus.com
600,theblaze.com
601,scoop.it
602,intuit.com
603,website-unavailable.com
604,soku.com
605,trulia.com
606,beva.com
607,pchome.net
608,github.io
609,55bbs.com
610,templatemonster.com
611,yellowpages.com
612,movie4k.to
613,gawker.com
614,wunderground.com
615,clarin.com
616,jquery.com
617,all-free-download.com
618,leo.org
619,amung.us
620,dict.cc
621,urbandictionary.com
622,persianblog.ir
623,pr-cy.ru
624,mercadolibre.com.ve
625,turbobit.net
626,marketwatch.com
627,outlook.com
628,staples.com
629,houzz.com
630,softpedia.com
631,foxsports.com
632,majesticseo.com
633,6.cn
634,dreamstime.com
635,tabnak.ir
636,mobile.de
637,monster.com
638,zimbio.com
639,zanox.com
640,europa.eu
641,costco.com
642,hidemyass.com
643,dosearches.com
644,howstuffworks.com
645,cnbc.com
646,evernote.com
647,56.com
648,fhserve.com
649,mynet.com
650,viadeo.com
651,ovh.net
652,agoda.com
653,life.com.tw
654,lanacion.com.ar
655,bhphotovideo.com
656,cracked.com
657,steamcommunity.com
658,custhelp.com
659,google.com.kw
660,haberturk.com
661,ca.gov
662,lipixeltrack.com
663,news.com.au
664,wired.com
665,greatappsdownload.com
666,sakura.ne.jp
667,pixlr.com
668,lequipe.fr
669,google.kz
670,squidoo.com
671,chexun.com
672,npr.org
673,slate.com
674,gamefaqs.com
675,jobrapido.com
676,barnesandnoble.com
677,adrotator.se
678,google.bg
679,focus.de
680,google.lk
681,mackolik.com
682,rednet.cn
683,traidnt.net
684,mirror.co.uk
685,nifty.com
686,google.co.nz
687,vk.me
688,xunlei.com
689,tutsplus.com
690,b5m.com
691,eastday.com
692,spankwire.com
693,adnxs.com
694,azlyrics.com
695,allocine.fr
696,pcmag.com
697,cam4.com
698,renren.com
699,m-w.com
700,ancestry.com
701,sulekha.com
702,jeuxvideo.com
703,wetransfer.com
704,xtube.com
705,rottentomatoes.com
706,126.com
707,r10.net
708,bravotube.net
709,indianrail.gov.in
710,gogetlinks.net
711,people.com
712,klikbca.com
713,independent.co.uk
714,lowes.com
715,duckduckgo.com
716,deezer.com
717,linkwithin.com
718,jvzoo.com
719,interia.pl
720,stockstar.com
721,today.com
722,letitbit.net
723,gateable.com
724,nhl.com
725,jqw.com
726,24h.com.vn
727,google.com.ec
728,worldstarhiphop.com
729,anonym.to
730,mama.cn
731,sapo.pt
732,pcbaby.com.cn
733,sex.com
734,bankmellat.ir
735,thechive.com
736,battlefield.com
737,ixxx.com
738,linternaute.com
739,searchengineland.com
740,hotels.com
741,addmefast.com
742,chron.com
743,airtel.in
744,americanas.com.br
745,premierleague.com
746,ezinearticles.com
747,zazzle.com
748,ellechina.com
749,espnfc.com
750,sahadan.com
751,fifa.com
752,playstation.com
753,ibm.com
754,keezmovies.com
755,dhgate.com
756,google.com.do
757,babycenter.com
758,nownews.com
759,idealo.de
760,prothom-alo.com
761,keepvid.com
762,mega.co.nz
763,jcpenney.com
764,hm.com
765,shopclues.com
766,cdiscount.com
767,shutterfly.com
768,yandex.com.tr
769,searchfun.in
770,whitepages.com
771,heise.de
772,ria.ru
773,hespress.com
774,leagueoflegends.com
775,reverso.net
776,prestashop.com
777,flipora.com
778,idnes.cz
779,weheartit.com
780,glassdoor.com
781,fatakat.com
782,subito.it
783,immobilienscout24.de
784,nokia.com
785,yoka.com
786,dx.com
787,welt.de
788,youtube-mp3.org
789,change.org
790,ctrip.com
791,theverge.com
792,mpnrs.com
793,magentocommerce.com
794,payoneer.com
795,tigerdirect.com
796,logmein.com
797,avast.com
798,4399.com
799,streamcloud.eu
800,yandex.kz
801,hongkiat.com
802,kayak.com
803,biglobe.ne.jp
804,ebay.es
805,dafont.com
806,screencast.com
807,digikala.com
808,shopathome.com
809,sfr.fr
810,biblegateway.com
811,businessweek.com
812,bestblackhatforum.com
813,zoho.com
814,nerdbux.com
815,nikkei.com
816,trklnks.com
817,southwest.com
818,lapatilla.com
819,clicksor.com
820,priceline.com
821,buscape.com.br
822,primewire.ag
823,nypost.com
824,as.com
825,privatehomeclips.com
826,dmoz.org
827,gulfup.com
828,rutor.org
829,adscale.de
830,nuvid.com
831,largeporntube.com
832,nike.com
833,pinshan.com
834,qone8.com
835,imagebam.com
836,verizon.com
837,dhl.de
838,maktoob.com
839,anysex.com
840,infobae.com
841,smh.com.au
842,myegy.com
843,usmagazine.com
844,woot.com
845,india.com
846,google.rs
847,feedburner.com
848,novinky.cz
849,dealfish.co.th
850,milanuncios.com
851,woorank.com
852,webhostingtalk.com
853,shopify.com
854,sfgate.com
855,wmmail.ru
856,myspace.com
857,pagesjaunes.fr
858,hi5.com
859,google.com.ly
860,fool.com
861,basecamp.com
862,yourlust.com
863,digitalpoint.com
864,chinabyte.com
865,fnac.com
866,grooveshark.com
867,pornhublive.com
868,rakuten.ne.jp
869,ovh.com
870,17ok.com
871,brainyquote.com
872,prntscr.com
873,gittigidiyor.com
874,google.hr
875,sitepoint.com
876,nationalgeographic.com
877,yify-torrents.com
878,en.wordpress.com
879,porntube.com
880,adrotate.se
881,viva.co.id
882,mayoclinic.com
883,video-one.com
884,asus.com
885,icicibank.co.in
886,careerbuilder.com
887,manta.com
888,searchenginewatch.com
889,ppstream.com
890,aftonbladet.se
891,viooz.co
892,excite.co.jp
893,kioskea.net
894,pantip.com
895,4chan.org
896,gtmetrix.com
897,kmart.com
898,yomiuri.co.jp
899,vice.com
900,dmm.com
901,box.com
902,microsoftstore.com
903,mediaset.it
904,namecheap.com
905,weather.gov
906,eventbrite.com
907,realtor.com
908,cbs.com
909,graphicriver.net
910,pornerbros.com
911,dantri.com.vn
912,ucoz.com
913,makemytrip.com
914,gstatic.com
915,squarespace.com
916,solarmovie.so
917,porn.com
918,google.by
919,way2sms.com
920,seekingalpha.com
921,intel.com
922,zulily.com
923,banglanews24.com
924,xhamstercams.com
925,cafemom.com
926,sueddeutsche.de
927,internetdownloadmanager.com
928,aparat.com
929,ahrefs.com
930,mgid.com
931,watchseries.lt
932,bloglovin.com
933,picmonkey.com
934,dubizzle.com
935,exblog.jp
936,united.com
937,6pm.com
938,bitshare.com
939,wiocha.pl
940,gismeteo.ru
941,kdnet.net
942,oyunskor.com
943,mapquest.com
944,distractify.com
945,pornmd.com
946,instructables.com
947,csdn.net
948,vente-privee.com
949,aizhan.com
950,mixi.jp
951,ticketmaster.com
952,sky.com
953,youth.cn
954,nairaland.com
955,leadpages.net
956,ashleyrnadison.com
957,inbox.com
958,cheezburger.com
959,voc.com.cn
960,panet.co.il
961,ensonhaber.com
962,searchnu.com
963,forobeta.com
964,walgreens.com
965,gamespot.com
966,firstpost.com
967,gamestop.com
968,qianyan001.com
969,rightmove.co.uk
970,cbsnews.com
971,wmtransfer.com
972,comcast.com
973,eluniversal.com.mx
974,ad4game.com
975,chinatimes.com
976,cbc.ca
977,correios.com.br
978,victoriassecret.com
979,mbc.net
980,ebay.ca
981,woothemes.com
982,1und1.de
983,elegantthemes.com
984,livedoor.biz
985,miniclip.com
986,forexfactory.com
987,makeuseof.com
988,mysql.com
989,bahn.de
990,pingdom.com
991,indianexpress.com
992,tinypic.com
993,tribalfusion.com
994,icloud.com
995,114la.com
996,thehindu.com
997,billdesk.com
998,noticias24.com
999,mangareader.net
1000,ustream.tv